{
    "QoL": [
        {
            "Id": "Hide Welcome Window",
            "Type": "SWITCH",
            "BoolVal": false,
            "Callback": "HideWelcomeWindow:SetLoaded"
        },
        {
            "Id": "Time Stop Projectiles",
            "Type": "SWITCH",
            "BoolVal": true,
            "Callback": "TimeStopProjectiles:SetLoaded"
        },
        {
            "Id": "Disable Analytics",
            "Type": "SWITCH",
            "BoolVal": true,
            "Callback": "DisableAnalytics:SetLoaded"
        },
        {
            "Id": "Display FPS Counter",
            "Type": "SWITCH",
            "BoolVal": true,
            "Callback": "FPSCounter:SetLoaded"
        },
        {
            "Id": "Max Frame Rate",
            "Type": "INT_SLIDER",
            "IntVal": 60,
            "MinIntVal": 60,
            "MaxIntVal": 240,
            "Callback": "Optime.QoL.FPS:SetFrameRate"
        }
    ],
    "Optimizations": [
        {
            "Id": "Lazy Zone Camera",
            "Type": "SWITCH",
            "BoolVal": true,
            "Callback": "LazyZoneCamera:SetLoaded"
        }
    ],
    "Developer": [
        {
            "Id": "Developer Mode",
            "Type": "SWITCH",
            "BoolVal": false,
            "Callback": "DeveloperMode:SetLoaded"
        },
        {
            "Id": "Disable Map Stats",
            "Type": "SWITCH",
            "BoolVal": false,
            "Callback": "DisableMapStats:SetLoaded"
        }
    ]
}