[
    {
        "id": "human_kingdom",
        "templates": [
            {
                "format": "{东方国家}"
            }
        ]
    },
    {
        "id": "elf_kingdom",
        "templates": [
            {
                "format": "{精灵国名}{精灵国名后缀}"
            }
        ]
    },
    {
        "id": "orc_kingdom",
        "templates": [
            {
                "format": "{兽人国名}{兽人国名后缀}"
            }
        ]
    },
    {
        "id": "dwarf_kingdom",
        "templates": [
            {
                "format": "{矮人国名}{矮人国名后缀}"
            }
        ]
    }
]