[
    {
        "id": "kingdom_mottos",
        "default_template": {
            "format": "{常见格言}"
        },
        "templates": [
            {
                "format": "<$race$种族国家格言>"
            }
        ]
    },
    {
        "id": "clan_mottos",
        "templates": [
            {
                "format": "{常见格言}"
            }
        ]
    },
    {
        "id": "alliance_mottos",
        "templates": [
            {
                "format": "{联盟格言}"
            }
        ]
    }
]