[
    {
        "id": "sheep_name",
        "templates": [
            {
                "format": "$天干地支纪年$#羊#"
            },
            {
                "format": "$天干地支纪年$#绵羊#"
            },
            {
                "format": "{天干地支}#羊#"
            },
            {
                "format": "{天干地支}#绵羊#"
            }
        ]
    },
    {
        "id": "penguin_name",
        "templates": [
            {
                "format": "$天干地支纪年$#企鹅#"
            }
        ]
    },
    {
        "id": "turtle_name",
        "templates": [
            {
                "format": "$天干地支纪年$#龟#"
            },
            {
                "format": "$天干地支纪年$#海龟#"
            },
            {
                "format": "{天干地支}#龟#"
            },
            {
                "format": "{天干地支}#海龟#"
            }
        ]
    },
    {
        "id": "wolf_name",
        "templates": [
            {
                "format": "$天干地支纪年$#狼#"
            },
            {
                "format": "{天干地支}#狼#"
            }
        ]
    },
    {
        "id": "greg_name",
        "templates": [
            {
                "format": "$天干地支纪年$#格雷#"
            },
            {
                "format": "{天干地支}#格雷#"
            }
        ]
    },
    {
        "id": "chicken_name",
        "templates": [
            {
                "format": "$天干地支纪年$#鸡#",
                "weight": 20
            },
            {
                "format": "$天干地支纪年$#只因#"
            },
            {
                "format": "$天干地支纪年$#坤#"
            },
            {
                "format": "{天干地支}#鸡#",
                "weight": 20
            },
            {
                "format": "{天干地支}#只因#"
            },
            {
                "format": "{天干地支}#坤#"
            }
        ]
    },
    {
        "id": "alien_name",
        "templates": [
            {
                "format": "$天干地支纪年$#星人#"
            },
            {
                "format": "{天干地支}#星人#"
            }
        ]
    },
    {
        "id": "ufo_name",
        "templates": [
            {
                "format": "$天干地支纪年$#飞碟#"
            },
            {
                "format": "{天干地支}#飞碟#"
            }
        ]
    },
    {
        "id": "cold_one_name",
        "templates": [
            {
                "format": "$天干地支纪年$#冰魔#"
            },
            {
                "format": "$天干地支纪年$#寒冰行者#"
            },
            {
                "format": "$天干地支纪年$#寒冰恶魔#"
            },
            {
                "format": "{天干地支}#冰魔#"
            },
            {
                "format": "{天干地支}#寒冰行者#"
            },
            {
                "format": "{天干地支}#寒冰恶魔#"
            }
        ]
    },
    {
        "id": "bug_name",
        "templates": [
            {
                "format": "$天干地支纪年$#虫#"
            },
            {
                "format": "$天干地支纪年$#蟲#"
            },
            {
                "format": "$天干地支纪年$#漏洞#",
                "weight": 0.1
            },
            {
                "format": "{天干地支}#虫#"
            },
            {
                "format": "{天干地支}#蟲#"
            }
        ]
    },
    {
        "id": "ant_name",
        "templates": [
            {
                "format": "$天干地支纪年$#蚂蚁#"
            },
            {
                "format": "$天干地支纪年$#蚁#"
            },
            {
                "format": "{天干地支}#蚂蚁#"
            },
            {
                "format": "{天干地支}#蚁#"
            }
        ]
    },
    {
        "id": "demon_name",
        "templates": [
            {
                "format": "$天干地支纪年$#炎魔#"
            },
            {
                "format": "$天干地支纪年$#恶魔#"
            },
            {
                "format": "{天干地支}#炎魔#"
            },
            {
                "format": "{天干地支}#恶魔#"
            }
        ]
    },
    {
        "id": "fairy_name",
        "templates": [
            {
                "format": "$天干地支纪年$#天使#"
            },
            {
                "format": "{天干地支}#天使#"
            }
        ]
    },
    {
        "id": "crab_name",
        "templates": [
            {
                "format": "$天干地支纪年$#蟹#"
            },
            {
                "format": "$天干地支纪年$#螃蟹#"
            },
            {
                "format": "{天干地支}#蟹#"
            },
            {
                "format": "{天干地支}#螃蟹#"
            }
        ]
    },
    {
        "id": "cow_name",
        "templates": [
            {
                "format": "$天干地支纪年$#牛#"
            },
            {
                "format": "{天干地支}#牛#"
            }
        ]
    },
    {
        "id": "evil_mage_name",
        "templates": [
            {
                "format": "$天干地支纪年$#法师#"
            },
            {
                "format": "{天干地支}#法师#"
            }
        ]
    },
    {
        "id": "rhino_name",
        "templates": [
            {
                "format": "$天干地支纪年$#犀#"
            },
            {
                "format": "$天干地支纪年$#犀牛#"
            },
            {
                "format": "{天干地支}#犀#"
            },
            {
                "format": "{天干地支}#犀牛#"
            }
        ]
    },
    {
        "id": "monkey_name",
        "templates": [
            {
                "format": "$天干地支纪年$#猴#"
            },
            {
                "format": "{天干地支}#猴#"
            },
            {
                "format": "{天干地支}#灵猴#"
            }
        ]
    },
    {
        "id": "buffalo_name",
        "templates": [
            {
                "format": "$天干地支纪年$#水牛#"
            },
            {
                "format": "{天干地支}#水牛#"
            }
        ]
    },
    {
        "id": "fox_name",
        "templates": [
            {
                "format": "$天干地支纪年$#狐#"
            },
            {
                "format": "$天干地支纪年$#狐狸#"
            },
            {
                "format": "{天干地支}#狐#"
            },
            {
                "format": "{天干地支}#狐狸#"
            }
        ]
    },
    {
        "id": "hyena_name",
        "templates": [
            {
                "format": "$天干地支纪年$#鬣狗#"
            },
            {
                "format": "{天干地支}#鬣狗#"
            }
        ]
    },
    {
        "id": "crocodile_name",
        "templates": [
            {
                "format": "$天干地支纪年$#鳄#"
            },
            {
                "format": "{天干地支}#鳄#"
            }
        ]
    },
    {
        "id": "snake_name",
        "templates": [
            {
                "format": "$天干地支纪年$#蛇#"
            },
            {
                "format": "{天干地支}#蛇#"
            }
        ]
    },
    {
        "id": "frog_name",
        "templates": [
            {
                "format": "$天干地支纪年$#蛙#"
            },
            {
                "format": "{天干地支}#蛙#"
            }
        ]
    },
    {
        "id": "bioblob_name",
        "templates": [
            {
                "format": "$天干地支纪年$#生物质#"
            },
            {
                "format": "{天干地支}#生物质#"
            }
        ]
    },
    {
        "id": "assimilator_name",
        "templates": [
            {
                "format": "$天干地支纪年$#核心#"
            },
            {
                "format": "$天干地支纪年$#机器#"
            },
            {
                "format": "$天干地支纪年$#科技#"
            },
            {
                "format": "{天干地支}#核心#"
            },
            {
                "format": "{天干地支}#机器#"
            },
            {
                "format": "{天干地支}#科技#"
            }
        ]
    },
    {
        "id": "lemon_name",
        "templates": [
            {
                "format": "$天干地支纪年$#柠檬#"
            },
            {
                "format": "$天干地支纪年$#柠檬怪#"
            },
            {
                "format": "{天干地支}#柠檬#"
            },
            {
                "format": "{天干地支}#柠檬怪#"
            }
        ]
    },
    {
        "id": "candy_name",
        "templates": [
            {
                "format": "$天干地支纪年$#糖果#"
            },
            {
                "format": "$天干地支纪年$#甜品#"
            },
            {
                "format": "$天干地支纪年${$id$后缀}",
                "weight": 10
            },
            {
                "format": "{天干地支}#糖果#"
            },
            {
                "format": "{天干地支}#甜品#"
            },
            {
                "format": "{天干地支}{$id$后缀}",
                "weight": 10
            }
        ]
    },
    {
        "id": "crystal_name",
        "templates": [
            {
                "format": "$天干地支纪年$#水晶戈仑#"
            },
            {
                "format": "$天干地支纪年$#水晶傀儡#"
            },
            {
                "format": "$天干地支纪年$#水晶怪#"
            },
            {
                "format": "{天干地支}#水晶戈仑#"
            },
            {
                "format": "{天干地支}#水晶傀儡#"
            },
            {
                "format": "{天干地支}#水晶怪#"
            }
        ]
    },
    {
        "id": "crystal_sword_name",
        "templates": [
            {
                "format": "$天干地支纪年$#水晶灵剑#"
            },
            {
                "format": "$天干地支纪年$#水晶剑灵#"
            },
            {
                "format": "$天干地支纪年$#水晶剑魂#"
            },
            {
                "format": "{天干地支}#水晶灵剑#"
            },
            {
                "format": "{天干地支}#水晶剑灵#"
            },
            {
                "format": "{天干地支}#水晶剑魂#"
            }
        ]
    },
    {
        "id": "fire_skull_name",
        "templates": [
            {
                "format": "$天干地支纪年$#火骷髅#"
            },
            {
                "format": "$天干地支纪年$#火恶灵#"
            },
            {
                "format": "$天干地支纪年$#邪火#"
            },
            {
                "format": "{天干地支}#邪火#"
            },
            {
                "format": "{天干地支}#火恶灵#"
            },
            {
                "format": "{天干地支}#邪火#"
            }
        ]
    },
    {
        "id": "fire_elemental_name",
        "templates": [
            {
                "format": "$天干地支纪年$#炽火#"
            },
            {
                "format": "$天干地支纪年$#烈炎#"
            },
            {
                "format": "{天干地支}#炽火#"
            },
            {
                "format": "{天干地支}#烈炎#"
            }
        ]
    },
    {
        "id": "acid_blob_name",
        "templates": [
            {
                "format": "$天干地支纪年$#史莱姆#"
            },
            {
                "format": "$天干地支纪年$#酸液#"
            },
            {
                "format": "{天干地支}#史莱姆#"
            },
            {
                "format": "{天干地支}#酸液#"
            }
        ]
    },
    {
        "id": "jumpy_skull_name",
        "templates": [
            {
                "format": "$天干地支纪年$#恶灵#"
            },
            {
                "format": "$天干地支纪年$#骷髅头#"
            },
            {
                "format": "$天干地支纪年$#头骨#"
            },
            {
                "format": "{天干地支}#恶灵#"
            },
            {
                "format": "{天干地支}#骷髅头#"
            },
            {
                "format": "{天干地支}#头骨#"
            }
        ]
    },
    {
        "id": "lil_pumpkin_name",
        "templates": [
            {
                "format": "$天干地支纪年$#南瓜#"
            },
            {
                "format": "$天干地支纪年$#南瓜怪#"
            },
            {
                "format": "{天干地支}#南瓜#"
            },
            {
                "format": "{天干地支}#南瓜怪#"
            }
        ]
    },
    {
        "id": "rat_name",
        "templates": [
            {
                "format": "$天干地支纪年$#鼠#"
            },
            {
                "format": "{天干地支}#鼠#"
            }
        ]
    },
    {
        "id": "cat_name",
        "templates": [
            {
                "format": "$天干地支纪年$#猫#"
            },
            {
                "format": "$天干地支纪年$#喵#"
            },
            {
                "format": "$天干地支纪年$#猫咪#"
            },
            {
                "format": "{天干地支}#猫#"
            },
            {
                "format": "{天干地支}#喵#"
            },
            {
                "format": "{天干地支}#猫咪#"
            }
        ]
    },
    {
        "id": "rabbit_name",
        "templates": [
            {
                "format": "$天干地支纪年$#兔#"
            },
            {
                "format": "$天干地支纪年$#兔叽#"
            },
            {
                "format": "{天干地支}#兔#"
            },
            {
                "format": "{天干地支}#兔叽#"
            }
        ]
    },
    {
        "id": "piranha_name",
        "templates": [
            {
                "format": "$天干地支纪年$#饕餮鱼#"
            },
            {
                "format": "$天干地支纪年$#食人鱼#"
            },
            {
                "format": "$天干地支纪年$#恶鱼#"
            },
            {
                "format": "{天干地支}#饕餮鱼#"
            },
            {
                "format": "{天干地支}#食人鱼#"
            },
            {
                "format": "{天干地支}#恶鱼#"
            }
        ]
    },
    {
        "id": "snowman_name",
        "templates": [
            {
                "format": "$天干地支纪年$#雪傀儡#"
            },
            {
                "format": "$天干地支纪年$#雪人#"
            },
            {
                "format": "{天干地支}#雪傀儡#"
            },
            {
                "format": "{天干地支}#雪人#"
            }
        ]
    },
    {
        "id": "bear_name",
        "templates": [
            {
                "format": "$天干地支纪年$#熊#"
            },
            {
                "format": "$天干地支纪年$#狗熊#"
            },
            {
                "format": "$天干地支纪年$#大熊#"
            },
            {
                "format": "{天干地支}#熊#"
            },
            {
                "format": "{天干地支}#狗熊#"
            },
            {
                "format": "{天干地支}#大熊#"
            }
        ]
    },
    {
        "id": "homie_name",
        "templates": [
            {
                "format": "$天干地支纪年$#房屋#"
            },
            {
                "format": "$天干地支纪年$#建筑#"
            },
            {
                "format": "{天干地支}#房屋#"
            },
            {
                "format": "{天干地支}#建筑#"
            }
        ]
    },
    {
        "id": "skeleton_name",
        "templates": [
            {
                "format": "$天干地支纪年$#骷髅#"
            },
            {
                "format": "$天干地支纪年$#死灵#"
            },
            {
                "format": "{天干地支}#骷髅#"
            },
            {
                "format": "{天干地支}#死灵#"
            }
        ]
    },
    {
        "id": "living_plant_name",
        "templates": [
            {
                "format": "$天干地支纪年$#树妖#"
            },
            {
                "format": "$天干地支纪年$#活树#"
            },
            {
                "format": "$天干地支纪年$#树怪#"
            },
            {
                "format": "{天干地支}#树妖#"
            },
            {
                "format": "{天干地支}#活树#"
            },
            {
                "format": "{天干地支}#树怪#"
            }
        ]
    },
    {
        "id": "ghost_name",
        "templates": [
            {
                "format": "$天干地支纪年$#幽灵#"
            },
            {
                "format": "$天干地支纪年$#幽魂#"
            },
            {
                "format": "$天干地支纪年$#游魂#"
            },
            {
                "format": "{天干地支}#幽灵#"
            },
            {
                "format": "{天干地支}#幽魂#"
            },
            {
                "format": "{天干地支}#游魂#"
            }
        ]
    },
    {
        "id": "default_name",
        "default_template": {
            "format": "$天干地支纪年$$locale$"
        },
        "templates": [
            {
                "format": "$locale$"
            },
            {
                "format": "$天干地支纪年$$locale$"
            },
            {
                "format": "$天干地支纪年${$id$$locale$后缀}"
            },
            {
                "format": "{天干地支}$locale$",
                "weight": 10
            },
            {
                "format": "{天干地支}{$id$$locale$后缀}",
                "weight": 10
            },
            {
                "format": "{$locale$名}{$id$$locale$后缀}",
                "weight": 200
            }
        ]
    }
]