[
    {
        "id": "war_conquest",
        "templates": [
            {
                "format": "$defender_capital$#保卫战#",
                "weight": 5
            },
            {
                "format": "$attacker$#侵#$defender_short$#战争#",
                "weight": 5
            },
            {
                "format": "$天干地支纪年$#战役#",
                "weight": 0.1
            }
        ]
    },
    {
        "id": "war_spite",
        "templates": [
            {
                "format": "$attacker$#全面战争#"
            },
            {
                "format": "$attacker$#征服战争#"
            }
        ]
    },
    {
        "id": "war_inspire",
        "templates": [
            {
                "format": "$attacker_short$$defender_short$#冲突#"
            }
        ]
    },
    {
        "id": "war_rebellion",
        "templates": [
            {
                "format": "$defender_capital$#起义#",
                "weight": 5
            },
            {
                "format": "$defender_leader$#起义#",
                "weight": 5
            },
            {
                "format": "$天干地支纪年$#革命#",
                "weight": 0.1
            }
        ]
    },
    {
        "id": "war_whisper",
        "templates": [
            {
                "format": "$attacker_short$$defender_short$#冲突#"
            },
            {
                "format": "$attacker$#圣战#"
            }
        ]
    }
]