{
    "GeneralSettings": [
        {
            "Id": "SPAWN_ELEMENT_ROOT_NATURALLY",
            "Type": "SWITCH",
            "BoolVal": true,
            "Callback": "GeneralSettings:SwitchElementRootSpawnNaturally"
        }
    ],
    "AIGCSettings": [
        {
            "Id": "BASE_URL",
            "Type": "TEXT",
            "TextVal": "https://api.deepseek.com"
        },
        {
            "Id": "API_KEY",
            "Type": "TEXT",
            "TextVal": ""
        }
    ],
    "AnimSettings": [
        {
            "Id": "ALL_RENDER",
            "Type": "SWITCH",
            "BoolVal": false
        }
    ]
}