{
  "Default": {
    "PivotX": 0.5,
    "PivotY": 0.5,
    "RectX": 0,
    "RectY": 0,
    "PixelsPerUnit": 1
  },
  "Specific": [
    {
      "Path": "head_0.png",
      "PivotX": -0.8,
      "PivotY": -1.4
    },
    {
      "Path": "head_1.png",
      "PivotX": -0.8,
      "PivotY": -1.4
    },
    {
      "Path": "head_2.png",
      "PivotX": -0.8,
      "PivotY": -1.4
    },
    {
      "Path": "head_3.png",
      "PivotX": -0.8,
      "PivotY": -1.4
    },
    {
      "Path": "head_4.png",
      "PivotX": -0.8,
      "PivotY": -1.4
    },
    {
      "Path": "head_5.png",
      "PivotX": -0.8,
      "PivotY": -1.4
    },
    {
      "Path": "head_6.png",
      "PivotX": -0.8,
      "PivotY": -1.4
    },
    {
      "Path": "head_7.png",
      "PivotX": -0.8,
      "PivotY": -1.4
    },
    {
      "Path": "head_8.png",
      "PivotX": -0.8,
      "PivotY": -1.4
    },
    {
      "Path": "head_9.png",
      "PivotX": -0.8,
      "PivotY": -1.4
    }
  ]
}
