{
    "Default": {
        "PivotY": 0,
        "PixelsPerUnit": 30
    },

    "Specific":[
       {
        "Path": "dankymatterEffect_0_0",
        "PivotX": -30
       },
       {
        "Path": "dankymatterEffect_0_1",
        "PivotX": -30
       },
       {
        "Path": "dankymatterEffect_0_2",
        "PivotX": -30
       },
       {
        "Path": "dankymatterEffect_0_3",
        "PivotX": -30
       },
       {
        "Path": "dankymatterEffect_0_4",
        "PivotX": -30
       },
       {
        "Path": "dankymatterEffect_0_5",
        "PivotX": -30
       },
       {
        "Path": "dankymatterEffect_0_6",
        "PivotX": -30
       },
       {
        "Path": "dankymatterEffect_0_7",
        "PivotX": -30
       },
       {
        "Path": "dankymatterEffect_0_8",
        "PivotX": -30
       },
       {
        "Path": "dankymatterEffect_0_9",
        "PivotX": -30
       },
       {
        "Path": "dankymatterEffect_1_0",
        "PivotX": -30
       },
       {
        "Path": "dankymatterEffect_1_1",
        "PivotX": -30
       },
       {
        "Path": "dankymatterEffect_1_2",
        "PivotX": -30
       },
       {
        "Path": "dankymatterEffect_1_3",
        "PivotX": -30
       },
       {
        "Path": "dankymatterEffect_1_4",
        "PivotX": -30
       }
    ]
}