{
    "Specific":[{
        "Path": "walk_0_item.png",
        "PivotX": 1.5,
        "PivotY": 1.5
    },
    {
        "Path": "walk_1_item.png",
        "PivotX": 1.5,
        "PivotY": 1.5
    },
    {
        "Path": "walk_2_item.png",
        "PivotX": 1.5,
        "PivotY": 1.5
    },
    {
        "Path": "walk_3_item.png",
        "PivotX": 1.5,
        "PivotY": 1.5
    },
    {
        "Path": "walk_0_head.png",
        "PivotX": 2,
        "PivotY": 0
    },
    {
        "Path": "walk_1_head.png",
        "PivotX": 2,
        "PivotY": 0
    },
    {
        "Path": "walk_3_head.png",
        "PivotX": 2,
        "PivotY": 0
    },
    {
        "Path": "walk_3_head.png",
        "PivotX": 2,
        "PivotY": 0
    }

]
}
