{
  "Specific": [
    {
      "Path": "walk_0_head.png",
      "PivotX": 4,
      "RectX": 0,
      "RectY": -2,
      "PivotY": 6
    },
    {
      "Path": "walk_1_head.png",
      "PivotX": 4,
      "RectX": 0,
      "RectY": -2,
      "PivotY": 8
    },
    {
      "Path": "walk_2_head.png",
      "PivotX": 4,
      "RectX": 0,
      "RectY": -1,
      "PivotY": 8
    },
    {
      "Path": "walk_3_head.png",
      "PivotX": 4,
      "RectX": 0,
      "RectY": -1,
      "PivotY": 6
    },
    {
      "Path": "swim_0_head.png",
      "PivotX": 4,
      "RectX": 0,
      "RectY": -8,
      "PivotY": 6
    },
    {
      "Path": "swim_1_head.png",
      "PivotX": 4,
      "RectX": 0,
      "RectY": -8,
      "PivotY": 8
    },
    {
      "Path": "swim_2_head.png",
      "PivotX": 4,
      "RectX": 0,
      "RectY": -8,
      "PivotY": 8
    },
    {
      "Path": "swim_3_head.png",
      "PivotX": 4,
      "RectX": 0,
      "RectY": -8,
      "PivotY": 6
    }
  ]
}