[
  {
    "id": "book_name_love_story",
    "templates": [
      {
        "format": "{西方名字}{西方姓氏}#传记#",
        "weight": 4
      }
    ]
  },
  {
    "id": "book_name_bad_story",
    "templates": [
      {
        "format": "{西方名字}{西方姓氏}#悲剧#",
        "weight": 4
      }
    ]
  },
  {
    "id": "book_name_fable",
    "templates": [
      {
        "format": "{西方名字}{西方姓氏}#列传#",
        "weight": 4
      }
    ]
  },
  {
    "id": "book_name_warfare_manual",
    "templates": [
      {
        "format": "{西方名字}{西方姓氏}#军事指挥入门到入土#",
        "weight": 4
      }
    ]
  },
  {
    "id": "book_name_economy_manual",
    "templates": [
      {
        "format": "{西方名字}{西方姓氏}#经济调控从入门到入土#",
        "weight": 4
      }
    ]
  },
  {
    "id": "book_name_stewardship_manual",
    "templates": [
      {
        "format": "{西方名字}{西方姓氏}#内政处理从入门到入土#",
        "weight": 4
      }
    ]
  },
  {
    "id": "book_name_diplomacy_manual",
    "templates": [
      {
        "format": "{西方名字}{西方姓氏}#外交策略从入门到入土#",
        "weight": 4
      }
    ]
  },
  {
    "id": "book_name_math",
    "templates": [
      {
        "format": "{西方名字}{西方姓氏}#算经#",
        "weight": 4
      }
    ]
  },
  {
    "id": "book_name_biology",
    "templates": [
      {
        "format": "{西方名字}{西方姓氏}#进化指南#",
        "weight": 4
      }
    ]
  },
  {
    "id": "book_name_history",
    "templates": [
      {
        "format": "{西方名字}{西方姓氏}#史诗#",
        "weight": 4
      }
    ]
  }
]