[
    {
        "id": "human_city",
        "templates": [
            {
                "format": "{人类城名}"
            }
        ]
    },
    {
        "id": "elf_city",
        "templates": [
            {
                "format": "{精灵城名}"
            }
        ]
    },
    {
        "id": "orc_city",
        "templates": [
            {
                "format": "{兽人城名}"
            }
        ]
    },
    {
        "id": "dwarf_city",
        "templates": [
            {
                "format": "{矮人城名}"
            }
        ]
    }
]